{"loading": {"0": [0.05929732322692871, 0.004300594329833984, 0.009349822998046875, 0.008521556854248047, 0.010523080825805664, 0.00567626953125, 0.01094675064086914, 0.006692171096801758, 0.010424375534057617, 0.005280971527099609], "1": [0.05417919158935547, 0.008767127990722656, 0.0053865909576416016, 0.011927127838134766, 0.005176067352294922, 0.011689901351928711, 0.009664773941040039, 0.010817766189575195, 0.00997304916381836, 0.005795001983642578], "2": [0.1459953784942627, 0.005405902862548828, 0.010849952697753906, 0.006026744842529297, 0.009929656982421875, 0.011801481246948242, 0.010820627212524414, 0.01140141487121582, 0.005033016204833984, 0.008874654769897461], "3": [1.3386380672454834, 0.0051233768463134766, 0.010671138763427734, 0.008187532424926758, 0.007871627807617188, 0.006872892379760742, 0.011461734771728516, 0.015378713607788086, 0.012101411819458008, 0.007946968078613281], "4": [7.135064363479614, 0.008218765258789062, 0.00595855712890625, 0.009560585021972656, 0.006243228912353516, 0.008543968200683594, 0.008327484130859375, 0.010573625564575195, 0.05915093421936035, 0.010124921798706055]}, "gpu_upload": {"0": [0.008721590042114258, 0.001720428466796875, 0.0021932125091552734, 0.002023458480834961, 0.0016677379608154297, 0.0026106834411621094, 0.0008437633514404297, 0.0008065700531005859, 0.0009829998016357422, 0.0007843971252441406], "1": [0.007974863052368164, 0.0005667209625244141, 0.0005505084991455078, 0.0010275840759277344, 0.0017192363739013672, 0.0010154247283935547, 0.0007786750793457031, 0.0007801055908203125, 0.0005970001220703125, 0.00090789794921875], "2": [0.011606454849243164, 0.0009891986846923828, 0.0015332698822021484, 0.0008533000946044922, 0.0006456375122070312, 0.0006380081176757812, 0.0006451606750488281, 0.0012955665588378906, 0.0033490657806396484, 0.0020241737365722656], "3": [0.07097554206848145, 0.0011429786682128906, 0.0018715858459472656, 0.0007717609405517578, 0.0005848407745361328, 0.0006256103515625, 0.0006666183471679688, 0.00067138671875, 0.002824068069458008, 0.0020270347595214844], "4": [0.4832308292388916, 0.0016527175903320312, 0.0010979175567626953, 0.0007152557373046875, 0.0005402565002441406, 0.0007276535034179688, 0.0008988380432128906, 0.0010712146759033203, 0.001894235610961914, 0.00075531005859375]}}