{"loading": {"0": [0.01128840446472168, 0.006751537322998047, 0.007518291473388672, 0.004483938217163086, 0.007714271545410156, 0.0043468475341796875, 0.0038743019104003906, 0.0068781375885009766, 0.006518363952636719, 0.0046367645263671875], "1": [0.014067649841308594, 0.00664520263671875, 0.008846521377563477, 0.007275104522705078, 0.008460283279418945, 0.004994630813598633, 0.007190704345703125, 0.006052970886230469, 0.008688926696777344, 0.005311250686645508], "2": [0.015843629837036133, 0.005400657653808594, 0.007090091705322266, 0.007029294967651367, 0.008345365524291992, 0.006142616271972656, 0.004507780075073242, 0.005467414855957031, 0.005769968032836914, 0.00555109977722168], "3": [0.04843854904174805, 0.00393986701965332, 0.007509469985961914, 0.00458216667175293, 0.006720304489135742, 0.008088827133178711, 0.00423121452331543, 0.009080886840820312, 0.007341623306274414, 0.010233640670776367], "4": [0.7201776504516602, 0.007245540618896484, 0.008466958999633789, 0.007005453109741211, 0.00821685791015625, 0.00886225700378418, 0.007235050201416016, 0.00844430923461914, 0.00805211067199707, 0.020752906799316406]}, "gpu_upload": {"0": [0.0007078647613525391, 0.00042510032653808594, 0.0005512237548828125, 0.0004096031188964844, 0.004815340042114258, 0.0004496574401855469, 0.0004131793975830078, 0.00039696693420410156, 0.005438089370727539, 0.0011951923370361328], "1": [0.001623392105102539, 0.0006856918334960938, 0.0005102157592773438, 0.000469207763671875, 0.0005500316619873047, 0.008636951446533203, 0.0006952285766601562, 0.0031676292419433594, 0.0010612010955810547, 0.0009417533874511719], "2": [0.0013015270233154297, 0.00040912628173828125, 0.00039386749267578125, 0.009035348892211914, 0.002218961715698242, 0.00044989585876464844, 0.0004012584686279297, 0.000400543212890625, 0.00045561790466308594, 0.00039696693420410156], "3": [0.00924992561340332, 0.008060455322265625, 0.0009968280792236328, 0.0015916824340820312, 0.004344940185546875, 0.007443428039550781, 0.0006079673767089844, 0.0006301403045654297, 0.001592397689819336, 0.0007214546203613281], "4": [0.0377042293548584, 0.0028333663940429688, 0.0008203983306884766, 0.0006773471832275391, 0.0017685890197753906, 0.0007152557373046875, 0.0005807876586914062, 0.0012614727020263672, 0.0010955333709716797, 0.0010478496551513672]}}