{
    "loading": {
        "0": [
            0.14810848236083984,
            0.009012460708618164,
            0.017917394638061523,
            0.020035743713378906,
            0.013683080673217773
        ],
        "1": [
            0.21505522727966309,
            0.01080012321472168,
            0.013975381851196289,
            0.014712810516357422,
            0.017131805419921875
        ],
        "2": [
            0.09628987312316895,
            0.0070095062255859375,
            0.006423234939575195,
            0.01013636589050293,
            0.00661158561706543
        ],
        "3": [
            0.10880517959594727,
            0.006196260452270508,
            0.009580135345458984,
            0.0073893070220947266,
            0.008377790451049805
        ],
        "4": [
            0.0830235481262207,
            0.005534172058105469,
            0.005346775054931641,
            0.009456396102905273,
            0.006062030792236328
        ],
        "5": [
            0.09303689002990723,
            0.006648063659667969,
            0.010216951370239258,
            0.008089780807495117,
            0.00904989242553711
        ],
        "6": [
            0.1049964427947998,
            0.009647369384765625,
            0.006785392761230469,
            0.009630441665649414,
            0.0065402984619140625
        ],
        "7": [
            0.2974247932434082,
            0.012514114379882812,
            0.01424717903137207,
            0.019965410232543945,
            0.01629328727722168
        ],
        "8": [
            1.8719933032989502,
            0.1826026439666748,
            0.22635602951049805,
            0.1358487606048584,
            0.0715341567993164
        ],
        "9": [
            12.786744832992554,
            0.35001707077026367,
            0.4606893062591553,
            0.7010147571563721,
            0.6072335243225098
        ]
    },
    "gpu_upload": {
        "0": [
            0.006737947463989258,
            0.0008447170257568359,
            0.0016508102416992188,
            0.001135110855102539,
            0.0005981922149658203
        ],
        "1": [
            0.009247779846191406,
            0.0006320476531982422,
            0.0009088516235351562,
            0.0007789134979248047,
            0.0006496906280517578
        ],
        "2": [
            0.008571147918701172,
            0.0015931129455566406,
            0.0012171268463134766,
            0.0009489059448242188,
            0.0006628036499023438
        ],
        "3": [
            0.0067138671875,
            0.0006997585296630859,
            0.0006680488586425781,
            0.0013000965118408203,
            0.003264188766479492
        ],
        "4": [
            0.006012916564941406,
            0.0008227825164794922,
            0.0006778240203857422,
            0.0008068084716796875,
            0.001024484634399414
        ],
        "5": [
            0.008608818054199219,
            0.0009968280792236328,
            0.0008194446563720703,
            0.0008144378662109375,
            0.0007448196411132812
        ],
        "6": [
            0.008124351501464844,
            0.003202199935913086,
            0.001958608627319336,
            0.0021295547485351562,
            0.000997781753540039
        ],
        "7": [
            0.02220463752746582,
            0.0014348030090332031,
            0.0012798309326171875,
            0.004122734069824219,
            0.0017061233520507812
        ],
        "8": [
            0.1347355842590332,
            0.004090547561645508,
            0.008570671081542969,
            0.010407686233520508,
            0.00955343246459961
        ],
        "9": [
            1.1529569625854492,
            0.028164386749267578,
            0.03420543670654297,
            0.05386853218078613,
            0.0346071720123291
        ]
    }
}