{"loading": {"0": [0.008575677871704102, 0.005367279052734375, 0.004185914993286133, 0.00785970687866211, 0.005925178527832031], "1": [0.012520313262939453, 0.00481867790222168, 0.0036439895629882812, 0.008477449417114258, 0.0061643123626708984], "2": [0.049974918365478516, 0.006234884262084961, 0.007664918899536133, 0.005201578140258789, 0.007844686508178711], "3": [0.07994771003723145, 0.006442546844482422, 0.0032889842987060547, 0.004026174545288086, 0.008767843246459961], "4": [0.805666446685791, 0.010942459106445312, 0.008118629455566406, 0.012025594711303711, 0.008162260055541992]}, "gpu_upload": {"0": [0.003833770751953125, 0.0031948089599609375, 0.0011763572692871094, 0.0009276866912841797, 0.0008747577667236328], "1": [0.003388643264770508, 0.0016019344329833984, 0.0017142295837402344, 0.004517793655395508, 0.0025708675384521484], "2": [0.0020279884338378906, 0.0005514621734619141, 0.003058195114135742, 0.0006957054138183594, 0.0008141994476318359], "3": [0.011124372482299805, 0.001062154769897461, 0.0040130615234375, 0.001459360122680664, 0.0025835037231445312], "4": [0.10513448715209961, 0.0013568401336669922, 0.0006287097930908203, 0.0005919933319091797, 0.0008440017700195312]}}