{
    "loading": {
        "0": [
            0.014615774154663086,
            0.017951250076293945,
            0.021509408950805664,
            0.024085044860839844,
            0.019229888916015625,
            0.015294790267944336,
            0.016245126724243164,
            0.02395796775817871,
            0.02559971809387207,
            0.021203994750976562,
            0.02699732780456543,
            0.024359941482543945,
            0.027945756912231445,
            0.018926143646240234,
            0.017972230911254883,
            0.016614437103271484,
            0.027934551239013672,
            0.02006983757019043,
            0.01749730110168457,
            0.021503448486328125,
            0.01873493194580078,
            0.015462636947631836,
            0.013107538223266602,
            0.014136791229248047,
            0.016333580017089844
        ],
        "1": [
            0.03420615196228027,
            0.033180952072143555,
            0.029806852340698242,
            0.03564000129699707,
            0.02831435203552246,
            0.020262718200683594,
            0.02028489112854004,
            0.034981727600097656,
            0.030170202255249023,
            0.018087148666381836,
            0.015146970748901367,
            0.03038954734802246,
            0.037522315979003906,
            0.026448726654052734,
            0.019423723220825195,
            0.01915121078491211,
            0.03300666809082031,
            0.036104440689086914,
            0.024477243423461914,
            0.020129680633544922,
            0.021837711334228516,
            0.035436153411865234,
            0.0399022102355957,
            0.025223255157470703,
            0.03247261047363281
        ],
        "2": [
            0.09288573265075684,
            0.09933805465698242,
            0.10725069046020508,
            0.09700512886047363,
            0.06992411613464355,
            0.050440073013305664,
            0.05246233940124512,
            0.10568094253540039,
            0.07539772987365723,
            0.050435781478881836,
            0.043230295181274414,
            0.10413551330566406,
            0.09164881706237793,
            0.05714559555053711,
            0.0399932861328125,
            0.05934858322143555,
            0.08427977561950684,
            0.07961821556091309,
            0.05502748489379883,
            0.04874873161315918,
            0.047771453857421875,
            0.05010557174682617,
            0.05301642417907715,
            0.05321097373962402,
            0.05459141731262207
        ],
        "3": [
            0.27109360694885254,
            0.3164858818054199,
            0.36266183853149414,
            0.4223754405975342,
            0.39443349838256836,
            0.35668373107910156,
            0.2834279537200928,
            0.4579172134399414,
            0.4576742649078369,
            0.3666813373565674,
            0.27936816215515137,
            0.594702959060669,
            0.5513670444488525,
            0.41605281829833984,
            0.2669413089752197,
            0.2783522605895996,
            0.38333559036254883,
            0.45161867141723633,
            0.32588863372802734,
            0.25907468795776367,
            0.32530927658081055,
            0.3722972869873047,
            0.39411139488220215,
            0.3061378002166748,
            0.3165431022644043
        ],
        "4": [
            2.1488473415374756,
            2.314271926879883,
            2.8332629203796387,
            3.261899948120117,
            2.7218680381774902,
            2.493421792984009,
            1.9461884498596191,
            3.444352149963379,
            3.17734956741333,
            2.0999813079833984,
            1.925398588180542,
            4.508685350418091,
            3.7369515895843506,
            2.5288946628570557,
            1.6834971904754639,
            2.5630171298980713,
            3.387601613998413,
            3.2694969177246094,
            2.1456260681152344,
            2.6773428916931152,
            2.377152919769287,
            2.32993745803833,
            2.120281457901001,
            1.8017587661743164,
            2.2361106872558594
        ]
    },
    "gpu_upload": {
        "0": [
            0.0015807151794433594,
            0.003421783447265625,
            0.0022039413452148438,
            0.0018918514251708984,
            0.0014522075653076172,
            0.0016803741455078125,
            0.0015132427215576172,
            0.0018444061279296875,
            0.001657724380493164,
            0.0037827491760253906,
            0.002315044403076172,
            0.002045154571533203,
            0.0026121139526367188,
            0.0026311874389648438,
            0.001165628433227539,
            0.001110076904296875,
            0.0016696453094482422,
            0.004380702972412109,
            0.0022106170654296875,
            0.0011017322540283203,
            0.001234292984008789,
            0.0020766258239746094,
            0.0013952255249023438,
            0.0010554790496826172,
            0.0012328624725341797
        ],
        "1": [
            0.0014717578887939453,
            0.003701448440551758,
            0.0025970935821533203,
            0.002270221710205078,
            0.0018620491027832031,
            0.002159595489501953,
            0.0015757083892822266,
            0.002269268035888672,
            0.004289150238037109,
            0.0037734508514404297,
            0.0011680126190185547,
            0.0031180381774902344,
            0.003021240234375,
            0.0017366409301757812,
            0.003980875015258789,
            0.0028371810913085938,
            0.002279043197631836,
            0.0028917789459228516,
            0.0015606880187988281,
            0.00139617919921875,
            0.0019845962524414062,
            0.003759622573852539,
            0.0032777786254882812,
            0.001683950424194336,
            0.0019958019256591797
        ],
        "2": [
            0.008344888687133789,
            0.007844924926757812,
            0.009636163711547852,
            0.010631084442138672,
            0.008911609649658203,
            0.005907297134399414,
            0.0038416385650634766,
            0.00855398178100586,
            0.005492210388183594,
            0.004869699478149414,
            0.004975557327270508,
            0.00685882568359375,
            0.008367061614990234,
            0.004522800445556641,
            0.003732919692993164,
            0.004460811614990234,
            0.006985664367675781,
            0.006069660186767578,
            0.005838632583618164,
            0.0040400028228759766,
            0.0043451786041259766,
            0.0034418106079101562,
            0.00572657585144043,
            0.006654262542724609,
            0.004023551940917969
        ],
        "3": [
            0.026375532150268555,
            0.029198884963989258,
            0.03430676460266113,
            0.03154158592224121,
            0.025069475173950195,
            0.019350767135620117,
            0.022185564041137695,
            0.03909659385681152,
            0.036438703536987305,
            0.020436525344848633,
            0.023329973220825195,
            0.04175233840942383,
            0.042734622955322266,
            0.0246732234954834,
            0.017821311950683594,
            0.025329113006591797,
            0.030203580856323242,
            0.03882718086242676,
            0.02813577651977539,
            0.020418643951416016,
            0.024354219436645508,
            0.02354598045349121,
            0.019927263259887695,
            0.020992279052734375,
            0.024855375289916992
        ],