{"loading": {"0": [0.00980234146118164, 0.0056285858154296875, 0.007489204406738281, 0.004528522491455078, 0.009429931640625, 0.007503032684326172, 0.008885383605957031, 0.008638620376586914, 0.012072324752807617, 0.015113592147827148], "1": [0.006635189056396484, 0.008021831512451172, 0.0051004886627197266, 0.003114461898803711, 0.0054624080657958984, 0.0071108341217041016, 0.0031490325927734375, 0.002953052520751953, 0.00921773910522461, 0.004320383071899414], "2": [0.009079456329345703, 0.005311250686645508, 0.0031423568725585938, 0.007040739059448242, 0.005734920501708984, 0.003340005874633789, 0.007735490798950195, 0.007857799530029297, 0.03607654571533203, 0.023860454559326172], "3": [0.03023076057434082, 0.01177525520324707, 0.006574153900146484, 0.006868600845336914, 0.008645296096801758, 0.005380868911743164, 0.00794672966003418, 0.012329578399658203, 0.00728297233581543, 0.00937962532043457], "4": [0.0049974918365478516, 0.008084535598754883, 0.004723072052001953, 0.002634763717651367, 0.006530046463012695, 0.0047266483306884766, 0.0026998519897460938, 0.002515554428100586, 0.005601167678833008, 0.00513148307800293], "5": [0.004174709320068359, 0.003919363021850586, 0.0076808929443359375, 0.0042476654052734375, 0.006376504898071289, 0.006417274475097656, 0.002494335174560547, 0.0024530887603759766, 0.004454612731933594, 0.005850791931152344], "6": [0.0046558380126953125, 0.0025415420532226562, 0.007401227951049805, 0.005097389221191406, 0.002863168716430664, 0.003022909164428711, 0.008562088012695312, 0.00400543212890625, 0.0033080577850341797, 0.007986783981323242], "7": [0.011765480041503906, 0.005265235900878906, 0.0036399364471435547, 0.0029740333557128906, 0.005881786346435547, 0.006170749664306641, 0.003085613250732422, 0.002929210662841797, 0.00745844841003418, 0.003942966461181641], "8": [0.0364840030670166, 0.010191202163696289, 0.0047833919525146484, 0.01210927963256836, 0.02863001823425293, 0.01314091682434082, 0.010917425155639648, 0.0066928863525390625, 0.015151023864746094, 0.013217449188232422], "9": [0.47092151641845703, 0.1146535873413086, 0.2130107879638672, 0.07521867752075195, 0.16644549369812012, 0.07031011581420898, 0.04891633987426758, 0.05984950065612793, 0.04095959663391113, 0.052474260330200195]}, "gpu_upload": {"0": [0.0009911060333251953, 0.0007965564727783203, 0.0008528232574462891, 0.0008025169372558594, 0.0007853507995605469, 0.0006825923919677734, 0.0007970333099365234, 0.0008223056793212891, 0.0006933212280273438, 0.0006906986236572266], "1": [0.0008945465087890625, 0.0030333995819091797, 0.000850677490234375, 0.005472421646118164, 0.0007109642028808594, 0.0006384849548339844, 0.0006880760192871094, 0.0009031295776367188, 0.0005965232849121094, 0.0012955665588378906], "2": [0.0009772777557373047, 0.0005719661712646484, 0.0035333633422851562, 0.0008044242858886719, 0.0006983280181884766, 0.0006680488586425781, 0.000606536865234375, 0.0006361007690429688, 0.0006096363067626953, 0.0006089210510253906], "3": [0.0037834644317626953, 0.0006375312805175781, 0.00061798095703125, 0.0005588531494140625, 0.0005676746368408203, 0.0005581378936767578, 0.0026721954345703125, 0.0006139278411865234, 0.0005486011505126953, 0.0005297660827636719], "4": [0.004850149154663086, 0.002727508544921875, 0.0006499290466308594, 0.0005991458892822266, 0.0017275810241699219, 0.002234935760498047, 0.0007066726684570312, 0.0008184909820556641, 0.0007059574127197266, 0.0006949901580810547], "5": [0.003962993621826172, 0.0006470680236816406, 0.0005936622619628906, 0.002699136734008789, 0.0006337165832519531, 0.0005717277526855469, 0.002725839614868164, 0.0006263256072998047, 0.0005891323089599609, 0.0027017593383789062], "6": [0.0008611679077148438, 0.002106904983520508, 0.0006794929504394531, 0.0010921955108642578, 0.0005414485931396484, 0.0005066394805908203, 0.0005574226379394531, 0.0011141300201416016, 0.0007274150848388672, 0.0007755756378173828], "7": [0.0015940666198730469, 0.0007557868957519531, 0.0007052421569824219, 0.0007557868957519531, 0.0007543563842773438, 0.0007822513580322266, 0.0009303092956542969, 0.0016834735870361328, 0.0015130043029785156, 0.0022814273834228516], "8": [0.004809856414794922, 0.0008823871612548828, 0.0009801387786865234, 0.0009324550628662109, 0.0017285346984863281, 0.00423121452331543, 0.003432750701904297, 0.002969503402709961, 0.0015850067138671875, 0.009214639663696289], "9": [0.02598094940185547, 0.003175020217895508, 0.006266117095947266, 0.004621028900146484, 0.01592254638671875, 0.003598928451538086, 0.004446983337402344, 0.00435638427734375, 0.003057241439819336, 0.003131389617919922]}}