{
    "loading": {
        "0": [
            0.006621122360229492,
            0.006304025650024414,
            0.007731199264526367,
            0.007745265960693359,
            0.005585670471191406,
            0.008537769317626953,
            0.005415916442871094,
            0.007806301116943359,
            0.005118608474731445,
            0.003246307373046875,
            0.002751588821411133,
            0.005910396575927734,
            0.005192995071411133,
            0.0030024051666259766,
            0.00563502311706543,
            0.006593465805053711,
            0.0065195560455322266,
            0.008537769317626953,
            0.005182743072509766,
            0.009798765182495117,
            0.005812168121337891,
            0.005147218704223633,
            0.009032964706420898,
            0.005277395248413086,
            0.005913496017456055
        ],
        "1": [
            0.005407094955444336,
            0.0033555030822753906,
            0.0030002593994140625,
            0.005955934524536133,
            0.004629611968994141,
            0.003012418746948242,
            0.0029039382934570312,
            0.007222890853881836,
            0.004296779632568359,
            0.0038895606994628906,
            0.005519866943359375,
            0.006796360015869141,
            0.004583597183227539,
            0.0059032440185546875,
            0.0065364837646484375,
            0.005323171615600586,
            0.005998849868774414,
            0.004609107971191406,
            0.004761934280395508,
            0.005354881286621094,
            0.004102945327758789,
            0.00447392463684082,
            0.0037555694580078125,
            0.006880521774291992,
            0.004495382308959961
        ],
        "2": [
            0.0032470226287841797,
            0.0026276111602783203,
            0.00654292106628418,
            0.004023551940917969,
            0.0032684803009033203,
            0.002637624740600586,
            0.0058901309967041016,
            0.0045049190521240234,
            0.0033333301544189453,
            0.002854585647583008,
            0.006286144256591797,
            0.004149913787841797,
            0.0033969879150390625,
            0.0030117034912109375,
            0.00638890266418457,
            0.004775047302246094,
            0.004060983657836914,
            0.008292436599731445,
            0.005114078521728516,
            0.004303932189941406,
            0.007201433181762695,
            0.004236698150634766,
            0.0037391185760498047,
            0.004176616668701172,
            0.005906820297241211
        ],
        "3": [
            0.004770517349243164,
            0.0038154125213623047,
            0.009395122528076172,
            0.005396127700805664,
            0.008118867874145508,
            0.007084369659423828,
            0.006352424621582031,
            0.01227879524230957,
            0.007772207260131836,
            0.007994651794433594,
            0.005727291107177734,
            0.006491422653198242,
            0.00619196891784668,
            0.006413936614990234,
            0.00598907470703125,
            0.0030870437622070312,
            0.004410743713378906,
            0.005376577377319336,
            0.004128456115722656,
            0.0031054019927978516,
            0.004976511001586914,
            0.005145549774169922,
            0.0040378570556640625,
            0.0029664039611816406,
            0.0062100887298583984
        ],
        "4": [
            0.003641843795776367,
            0.0035355091094970703,
            0.0031151771545410156,
            0.004842519760131836,
            0.0043659210205078125,
            0.00393223762512207,
            0.002662181854248047,
            0.005625486373901367,
            0.00419306755065918,
            0.004010677337646484,
            0.002982616424560547,
            0.003376483917236328,
            0.0056645870208740234,
            0.003955364227294922,
            0.003033161163330078,
            0.0029621124267578125,
            0.006079196929931641,
            0.007103443145751953,
            0.0066225528717041016,
            0.008840560913085938,
            0.0068511962890625,
            0.006288051605224609,
            0.0050640106201171875,
            0.007863044738769531,
            0.009856939315795898
        ],
        "5": [
            0.006651401519775391,
            0.00789189338684082,
            0.008023738861083984,
            0.006718873977661133,
            0.0068454742431640625,
            0.008907556533813477,
            0.006415128707885742,
            0.00812983512878418,
            0.005215883255004883,
            0.003180265426635742,
            0.008582592010498047,
            0.005150318145751953,
            0.00658869743347168,
            0.006337642669677734,
            0.00535130500793457,
            0.006566286087036133,
            0.007477998733520508,
            0.012645244598388672,
            0.00664830207824707,
            0.008106231689453125,
            0.005926370620727539,
            0.0034325122833251953,
            0.008856534957885742,
            0.0077724456787109375,
            0.008443593978881836
        ],
        "6": [
            0.0065686702728271484,
            0.006482124328613281,
            0.007138729095458984,
            0.0075147151947021484,
            0.007735490798950195,
            0.0050966739654541016,
            0.006693840026855469,
            0.008809328079223633,
            0.008945941925048828,
            0.00965118408203125,
            0.007768154144287109,
            0.0058879852294921875,
            0.00818014144897461,
            0.005484104156494141,
            0.003763914108276367,
            0.0061397552490234375,
            0.005071401596069336,
            0.0123748779296875,
            0.005796909332275391,
            0.006264209747314453,
            0.0061185359954833984,
            0.007513999938964844,
            0.008421659469604492,
            0.005110025405883789,
            0.006967782974243164
        ],
        "7": [
            0.015387535095214844,
            0.01699352264404297,
            0.01701498031616211,
            0.020949363708496094,
            0.012588024139404297,
            0.011519432067871094,
            0.009426355361938477,
            0.016350984573364258,
            0.014380455017089844,
            0.016326904296875,
            0.01173853874206543,
            0.01776599884033203,
            0.01699662208557129,
            0.012237548828125,
            0.015735864639282227,
            0.017810583114624023,
            0.01651310920715332,
            0.018336057662963867,
            0.02495098114013672,
            0.02678823471069336,
            0.01810479164123535,
            0.015691518783569336,
            0.03268551826477051,
            0.009902715682983398,
            0.007025957107543945
        ],
        "8": [
            0.01610708236694336,
            0.01501917839050293,
            0.04301953315734863,
            0.01402735710144043,
            0.026262283325195312,
            0.015321731567382812,
            0.01520395278930664,
            0.027095794677734375,
            0.023865699768066406,
            0.023100614547729492,
            0.029188871383666992,
            0.018903732299804688,
            0.04879426956176758,
            0.040727853775024414,
            0.08035445213317871,
            0.055655479431152344,
            0.06963229179382324,
            0.09162449836730957,
            0.021694421768188477,
            0.0260927677154541,
            0.04635739326477051,
            0.04085707664489746,
            0.040251731872558594,
            0.02016139030456543,
            0.01774430274963379
        ],