{"loading": {"0": [0.007994890213012695, 0.010875225067138672, 0.0038611888885498047, 0.01085352897644043, 0.006159305572509766], "1": [0.008698701858520508, 0.00510716438293457, 0.002815723419189453, 0.005003929138183594, 0.005345582962036133], "2": [0.005945682525634766, 0.004995107650756836, 0.004092693328857422, 0.00444340705871582, 0.0027344226837158203], "3": [0.00959467887878418, 0.004166364669799805, 0.0037789344787597656, 0.007245063781738281, 0.005983829498291016], "4": [0.00800180435180664, 0.004762887954711914, 0.0045201778411865234, 0.0037326812744140625, 0.0063936710357666016], "5": [0.0070188045501708984, 0.002718210220336914, 0.005044460296630859, 0.0067615509033203125, 0.00469517707824707], "6": [0.013306856155395508, 0.004986286163330078, 0.01072072982788086, 0.0036153793334960938, 0.006063699722290039], "7": [0.023961305618286133, 0.0060961246490478516, 0.009990453720092773, 0.007573843002319336, 0.009213447570800781], "8": [0.07229399681091309, 0.009093284606933594, 0.004860401153564453, 0.010386228561401367, 0.009750604629516602], "9": [1.424720287322998, 0.09421801567077637, 0.07796072959899902, 0.12543058395385742, 0.08854174613952637]}, "gpu_upload": {"0": [0.0010151863098144531, 0.0002808570861816406, 0.0004801750183105469, 0.0003936290740966797, 0.0003151893615722656], "1": [0.0004904270172119141, 0.00028133392333984375, 0.0002682209014892578, 0.00025272369384765625, 0.00033164024353027344], "2": [0.0013606548309326172, 0.0018630027770996094, 0.0007026195526123047, 0.001512289047241211, 0.0012133121490478516], "3": [0.0016300678253173828, 0.0006346702575683594, 0.0007326602935791016, 0.0007321834564208984, 0.0014181137084960938], "4": [0.0010983943939208984, 0.0003352165222167969, 0.0002944469451904297, 0.0002789497375488281, 0.000324249267578125], "5": [0.0005559921264648438, 0.00029778480529785156, 0.0004928112030029297, 0.0002932548522949219, 0.000705718994140625], "6": [0.0029077529907226562, 0.0007658004760742188, 0.0006172657012939453, 0.0006310939788818359, 0.0003955364227294922], "7": [0.002187013626098633, 0.0012357234954833984, 0.0007169246673583984, 0.0011785030364990234, 0.0015499591827392578], "8": [0.008650779724121094, 0.001089334487915039, 0.002294778823852539, 0.0011930465698242188, 0.0008673667907714844], "9": [0.03764605522155762, 0.0018579959869384766, 0.0021076202392578125, 0.004384756088256836, 0.006330013275146484]}}