{
    "loading": {
        "0": [
            0.017375469207763672,
            0.021280288696289062,
            0.0220334529876709,
            0.02805638313293457,
            0.02269768714904785,
            0.01645207405090332,
            0.017142772674560547,
            0.028464078903198242,
            0.02129507064819336,
            0.015469789505004883,
            0.015763044357299805,
            0.02809882164001465,
            0.023942232131958008,
            0.017282485961914062,
            0.023340940475463867,
            0.019980907440185547,
            0.020546913146972656,
            0.023612022399902344,
            0.020035266876220703,
            0.01878213882446289,
            0.0174560546875,
            0.016351699829101562,
            0.017418622970581055,
            0.014990806579589844,
            0.020420312881469727
        ],
        "1": [
            0.019273757934570312,
            0.03483271598815918,
            0.031760454177856445,
            0.031241178512573242,
            0.032585859298706055,
            0.030422210693359375,
            0.02175307273864746,
            0.03040170669555664,
            0.03731036186218262,
            0.025716304779052734,
            0.019689083099365234,
            0.04212188720703125,
            0.04156661033630371,
            0.031044721603393555,
            0.02983689308166504,
            0.03199052810668945,
            0.039357662200927734,
            0.047525644302368164,
            0.024884700775146484,
            0.015593767166137695,
            0.015528440475463867,
            0.013518095016479492,
            0.013900518417358398,
            0.015042543411254883,
            0.02123093605041504
        ],
        "2": [
            0.021227121353149414,
            0.03528285026550293,
            0.027038097381591797,
            0.02333831787109375,
            0.02643895149230957,
            0.018024682998657227,
            0.01825714111328125,
            0.045418500900268555,
            0.032666921615600586,
            0.023576974868774414,
            0.016064167022705078,
            0.030877351760864258,
            0.03384566307067871,
            0.019774436950683594,
            0.016236305236816406,
            0.0177156925201416,
            0.026973247528076172,
            0.024292469024658203,
            0.027587413787841797,
            0.020800113677978516,
            0.023002147674560547,
            0.018451929092407227,
            0.017081260681152344,
            0.016015291213989258,
            0.017674922943115234
        ],
        "3": [
            0.017579317092895508,
            0.018986940383911133,
            0.0207669734954834,
            0.027036666870117188,
            0.020689725875854492,
            0.019490718841552734,
            0.026640892028808594,
            0.025995731353759766,
            0.027203083038330078,
            0.016508817672729492,
            0.017269611358642578,
            0.02895832061767578,
            0.028851032257080078,
            0.01992321014404297,
            0.019029617309570312,
            0.02249741554260254,
            0.025434255599975586,
            0.02367877960205078,
            0.019663095474243164,
            0.017230510711669922,
            0.018927574157714844,
            0.01869344711303711,
            0.017032623291015625,
            0.01598668098449707,
            0.017132282257080078
        ],
        "4": [
            0.014605522155761719,
            0.020380258560180664,
            0.0382838249206543,
            0.028370141983032227,
            0.020781517028808594,
            0.016839981079101562,
            0.01705479621887207,
            0.02759099006652832,
            0.024654150009155273,
            0.016904830932617188,
            0.014873266220092773,
            0.0353701114654541,
            0.02936267852783203,
            0.019665002822875977,
            0.015194416046142578,
            0.018471240997314453,
            0.02271890640258789,
            0.024923086166381836,
            0.01692485809326172,
            0.015755891799926758,
            0.015443801879882812,
            0.016477346420288086,
            0.015236139297485352,
            0.018855571746826172,
            0.02127814292907715
        ],
        "5": [
            0.01810622215270996,
            0.024541139602661133,
            0.024307966232299805,
            0.035956621170043945,
            0.028023481369018555,
            0.025187253952026367,
            0.025374174118041992,
            0.042530059814453125,
            0.02588677406311035,
            0.016597270965576172,
            0.02523064613342285,
            0.030973196029663086,
            0.03239250183105469,
            0.02308964729309082,
            0.018462657928466797,
            0.018771648406982422,
            0.03138232231140137,
            0.03512692451477051,
            0.01936936378479004,
            0.01766681671142578,
            0.01752161979675293,
            0.017463207244873047,
            0.021073102951049805,
            0.017714262008666992,
            0.025784969329833984
        ],
        "6": [
            0.02870965003967285,
            0.052187442779541016,
            0.038548946380615234,
            0.039443254470825195,
            0.03227424621582031,
            0.023995161056518555,
            0.044191598892211914,
            0.038004159927368164,
            0.03860139846801758,
            0.028867244720458984,
            0.023352622985839844,
            0.04310321807861328,
            0.04289841651916504,
            0.027312040328979492,
            0.030977964401245117,
            0.032335758209228516,
            0.03229784965515137,
            0.03318142890930176,
            0.0269927978515625,
            0.03053593635559082,
            0.020053625106811523,
            0.019531965255737305,
            0.020773887634277344,
            0.023453950881958008,
            0.025233030319213867
        ],
        "7": [
            0.05195450782775879,
            0.06582260131835938,
            0.08169889450073242,
            0.0933232307434082,
            0.0819549560546875,
            0.07236838340759277,
            0.06730961799621582,
            0.10088181495666504,
            0.09590792655944824,
            0.050905704498291016,
            0.04690694808959961,
            0.09642434120178223,
            0.13158011436462402,
            0.09194469451904297,
            0.09827542304992676,
            0.17289352416992188,
            0.32343435287475586,
            0.1417713165283203,
            0.07255411148071289,
            0.0733785629272461,
            0.08318591117858887,
            0.07146286964416504,
            0.08002662658691406,
            0.08135271072387695,
            0.10984659194946289
        ],
        "8": [
            0.36479663848876953,
            0.4299483299255371,
            0.458249568939209,
            0.6775345802307129,
            0.44647789001464844,
            0.4089164733886719,
            0.30388450622558594,
            0.5805099010467529,
            0.46144723892211914,
            0.2910633087158203,
            0.2585301399230957,
            0.7319631576538086,
            0.6611967086791992,
            0.612323522567749,
            0.4081108570098877,
            0.5316274166107178,
            0.5475332736968994,
            0.6848070621490479,
            0.44596171379089355,
            0.3251953125,
            0.3223884105682373,
            0.29643702507019043,
            0.2963569164276123,
            0.24346017837524414,
            0.33878612518310547
        ],