{
    "loading": {
        "0": [
            0.01066446304321289,
            0.00719904899597168,
            0.013343334197998047,
            0.005610942840576172,
            0.006707668304443359,
            0.00924372673034668,
            0.013530731201171875,
            0.007538557052612305,
            0.007636547088623047,
            0.005419492721557617,
            0.008267641067504883,
            0.0059185028076171875,
            0.0064487457275390625,
            0.006923675537109375,
            0.005096435546875,
            0.007863759994506836,
            0.006479501724243164,
            0.009760856628417969,
            0.005056619644165039,
            0.008525371551513672,
            0.007741451263427734,
            0.0033562183380126953,
            0.009749650955200195,
            0.009581565856933594,
            0.012289762496948242
        ],
        "1": [
            0.01102757453918457,
            0.0076389312744140625,
            0.01634359359741211,
            0.00824284553527832,
            0.014527082443237305,
            0.009409904479980469,
            0.007580280303955078,
            0.010099649429321289,
            0.009062767028808594,
            0.009735822677612305,
            0.009157180786132812,
            0.006150722503662109,
            0.010636568069458008,
            0.005566835403442383,
            0.0095977783203125,
            0.005271196365356445,
            0.008292913436889648,
            0.007065534591674805,
            0.0050737857818603516,
            0.010608196258544922,
            0.004877328872680664,
            0.009254693984985352,
            0.006628274917602539,
            0.009835243225097656,
            0.003882169723510742
        ],
        "2": [
            0.0041239261627197266,
            0.009604454040527344,
            0.013239145278930664,
            0.010175704956054688,
            0.014557600021362305,
            0.006538867950439453,
            0.008148431777954102,
            0.0042438507080078125,
            0.009454727172851562,
            0.0054857730865478516,
            0.008681774139404297,
            0.004846096038818359,
            0.004416704177856445,
            0.007391691207885742,
            0.00690770149230957,
            0.008601188659667969,
            0.005571842193603516,
            0.005274057388305664,
            0.012415885925292969,
            0.012797355651855469,
            0.012162208557128906,
            0.013081550598144531,
            0.014011383056640625,
            0.010823488235473633,
            0.009157419204711914
        ],
        "3": [
            0.027114152908325195,
            0.023365020751953125,
            0.04412055015563965,
            0.04164695739746094,
            0.0560908317565918,
            0.03169655799865723,
            0.030089378356933594,
            0.02385997772216797,
            0.015794038772583008,
            0.018408536911010742,
            0.015128612518310547,
            0.012844085693359375,
            0.01970195770263672,
            0.013655662536621094,
            0.02212834358215332,
            0.020644187927246094,
            0.06932330131530762,
            0.038176774978637695,
            0.02581644058227539,
            0.046715736389160156,
            0.018320322036743164,
            0.019000530242919922,
            0.027390241622924805,
            0.018213510513305664,
            0.018309593200683594
        ],
        "4": [
            0.11401486396789551,
            0.14957261085510254,
            0.17917180061340332,
            0.08819270133972168,
            0.1069796085357666,
            0.0684211254119873,
            0.10195255279541016,
            0.24454140663146973,
            0.22092270851135254,
            0.20655536651611328,
            0.1012887954711914,
            0.06908988952636719,
            0.22523760795593262,
            0.15866589546203613,
            0.4107687473297119,
            0.13384556770324707,
            0.20348381996154785,
            0.18554162979125977,
            0.15006756782531738,
            0.30393505096435547,
            0.2092113494873047,
            0.2984137535095215,
            0.3322138786315918,
            0.3173849582672119,
            0.11228561401367188
        ]
    },
    "gpu_upload": {
        "0": [
            0.002351999282836914,
            0.0003006458282470703,
            0.0002562999725341797,
            0.00020551681518554688,
            0.0002110004425048828,
            0.00020956993103027344,
            0.00021600723266601562,
            0.00023293495178222656,
            0.00020551681518554688,
            0.00038909912109375,
            0.0002543926239013672,
            0.0001952648162841797,
            0.0002200603485107422,
            0.0002033710479736328,
            0.00023889541625976562,
            0.0002105236053466797,
            0.0002162456512451172,
            0.0002658367156982422,
            0.00023698806762695312,
            0.00023174285888671875,
            0.0001957416534423828,
            0.0002079010009765625,
            0.00025010108947753906,
            0.0002086162567138672,
            0.00019884109497070312
        ],
        "1": [
            0.00020313262939453125,
            0.00020432472229003906,
            0.0002624988555908203,
            0.00020003318786621094,
            0.00029206275939941406,
            0.0003898143768310547,
            0.0004143714904785156,
            0.0013551712036132812,
            0.001070261001586914,
            0.0008540153503417969,
            0.0007264614105224609,
            0.0006129741668701172,
            0.0007741451263427734,
            0.008053779602050781,
            0.0002887248992919922,
            0.00021147727966308594,
            0.00022649765014648438,
            0.0002694129943847656,
            0.00022101402282714844,
            0.00024366378784179688,
            0.00020575523376464844,
            0.00022339820861816406,
            0.0002675056457519531,
            0.0003256797790527344,
            0.0024755001068115234
        ],
        "2": [
            0.0005278587341308594,
            0.0005500316619873047,
            0.0023818016052246094,
            0.0012714862823486328,
            0.0009090900421142578,
            0.0008690357208251953,
            0.0005519390106201172,
            0.0003688335418701172,
            0.00028061866760253906,
            0.0003783702850341797,
            0.00029397010803222656,
            0.000255584716796875,
            0.0003464221954345703,
            0.0002598762512207031,
            0.00035572052001953125,
            0.00029277801513671875,
            0.00036406517028808594,
            0.0004100799560546875,
            0.00033020973205566406,
            0.0004367828369140625,
            0.00029277801513671875,
            0.000347137451171875,
            0.0003972053527832031,
            0.000339508056640625,
            0.000339508056640625
        ],
        "3": [
            0.0009393692016601562,
            0.002828836441040039,
            0.0030989646911621094,
            0.0016257762908935547,
            0.0016255378723144531,
            0.0006997585296630859,
            0.0008842945098876953,
            0.0010907649993896484,
            0.0008013248443603516,
            0.0012390613555908203,
            0.0008442401885986328,
            0.0007402896881103516,
            0.002732515335083008,
            0.002336740493774414,
            0.0022118091583251953,
            0.0016300678253173828,
            0.025218725204467773,
            0.004045009613037109,
            0.004400730133056641,
            0.0018563270568847656,
            0.00092315673828125,
            0.0012655258178710938,
            0.0016579627990722656,
            0.001191854476928711,
            0.0010848045349121094
        ],