{
    "loading": {
        "0": [
            0.07045531272888184,
            0.0041522979736328125,
            0.004774332046508789,
            0.005796670913696289,
            0.004703044891357422
        ],
        "1": [
            0.08319950103759766,
            0.004694700241088867,
            0.008020639419555664,
            0.017194032669067383,
            0.0062220096588134766
        ],
        "2": [
            0.2538151741027832,
            0.00506591796875,
            0.005603790283203125,
            0.006600141525268555,
            0.005756855010986328
        ],
        "3": [
            1.4615330696105957,
            0.008572816848754883,
            0.010632991790771484,
            0.009780645370483398,
            0.010332584381103516
        ],
        "4": [
            9.59290099143982,
            0.0043642520904541016,
            0.004621028900146484,
            0.005559206008911133,
            0.004524707794189453
        ]
    },
    "gpu_upload": {
        "0": [
            0.005208253860473633,
            0.0005180835723876953,
            0.0009989738464355469,
            0.0006694793701171875,
            0.0005419254302978516
        ],
        "1": [
            0.006726264953613281,
            0.0005097389221191406,
            0.0005450248718261719,
            0.0006475448608398438,
            0.0005664825439453125
        ],
        "2": [
            0.017343521118164062,
            0.0005631446838378906,
            0.0005221366882324219,
            0.0006222724914550781,
            0.0005125999450683594
        ],
        "3": [
            0.09708690643310547,
            0.000835418701171875,
            0.0006413459777832031,
            0.0006959438323974609,
            0.0005042552947998047
        ],
        "4": [
            0.7028801441192627,
            0.0008549690246582031,
            0.0005340576171875,
            0.0006299018859863281,
            0.0005252361297607422
        ]
    }
}